session_id,driver_id,avg_rpm,max_rpm,avg_speed,max_speed,avg_engine_load,max_coolant_temp,avg_throttle,max_steering_angle,avg_fuel_level,avg_battery_voltage,aggressive_event_count,total_events,driving_label
S0000,1,1659.257,3048,21.874,46,30.6135,93,18.6346,135.86,73.7,13.1,978,1000,aggressive
S0001,1,2067.106,3023,26.684,46,32.1858,90,23.9049,233.73,73.7,13.0968,922,1000,aggressive
S0002,1,2187.113,3078,30.402,63,32.902,90,26.1289,137.7,73.7,13.1,871,1000,aggressive
S0003,1,1455.45,2144,26.859,47,27.5138,87,17.2074,235.12,73.7,13.0591,981,1000,aggressive
S0004,1,1580.956,2168,19.282,29,25.3401,86,17.200400000000002,232.01,73.7,13.006200000000002,1000,1000,aggressive
S0005,1,1607.714,2854,12.094,31,24.5265,89,16.2531,231.68,73.6712,13.031799999999999,999,1000,aggressive
S0006,1,1927.087,2892,31.579,45,31.3972,90,23.5191,137.66,72.5,13.0094,925,1000,aggressive
S0007,1,2294.274,2970,54.204,85,44.3296,87,30.5572,234.62,72.5,13.0,709,1000,aggressive
S0008,1,2256.509,2967,86.671,93,51.747800000000005,84,40.551300000000005,231.87,72.5,13.0,504,1000,aggressive
S0009,1,2156.848,2461,83.701,96,58.2813,86,40.9438,137.06,72.5,13.0,458,1000,moderate
S0010,1,2272.662,2569,78.784,99,46.297599999999996,86,41.2339,128.74,72.0709,13.0,565,1000,aggressive
S0011,1,2284.874,2917,67.497,87,66.3618,86,51.2874,131.17,71.8,13.0,388,1000,moderate
S0012,1,2795.44,3292,82.732,97,55.638400000000004,86,45.173199999999994,131.2,71.8,13.0,420,1000,moderate
S0013,1,2353.195,2623,69.536,78,77.5308,87,69.95519999999999,130.09,70.792,13.0,176,1000,moderate
S0014,1,2877.89,3556,85.257,105,70.1947,87,66.19369999999999,236.05,70.1832,13.041,226,1000,moderate
S0015,1,3119.105,3804,92.299,112,60.6402,85,51.294599999999996,236.78,69.182,13.1,394,1000,moderate
S0016,1,3087.343,3666,91.458,108,32.152,84,28.9277,231.92,68.714,13.1,791,1000,aggressive
S0017,1,2440.561,3558,93.642,111,37.115300000000005,85,34.4739,125.49,68.6,13.1,643,1000,aggressive
S0018,1,1872.742,2400,46.437,67,29.0051,85,19.7278,233.1,68.6,13.1,994,1000,aggressive
S0019,1,1691.473,3672,29.474,110,29.0288,93,22.303600000000003,237.31,69.65109999999999,13.086699999999999,877,1000,aggressive
S0020,1,2174.781,3804,56.135,112,44.626400000000004,93,35.5123,128.3,71.7715,13.0465,675,1000,aggressive
S0021,1,2203.943,3803,55.457,112,43.0077,93,32.882,233.2,71.7477,13.047,701,1000,aggressive
S0022,1,2164.247,3804,54.719,112,43.380199999999995,93,33.159800000000004,130.3,71.796,13.0442,697,1000,aggressive
S0023,1,2221.515,3804,57.633,112,44.3587,93,33.941900000000004,131.6,71.69739999999999,13.0453,693,1000,aggressive
S0024,1,2183.853,3741,56.402,111,44.077400000000004,93,34.5281,236.8,71.67389999999999,13.045200000000001,674,1000,aggressive
S0025,1,2178.669,3804,55.274,112,42.8125,93,33.9175,234.5,71.7095,13.046100000000001,683,1000,aggressive
S0026,1,2197.552,3804,55.849,112,44.8396,93,35.2181,131.3,71.7165,13.0474,682,1000,aggressive
S0027,1,2161.031,3804,55.526,112,42.0904,93,33.6271,236.8,71.6904,13.0473,702,1000,aggressive
S0028,1,2215.008,3741,56.488,111,41.7517,93,33.8365,131.7,71.67689999999999,13.046899999999999,717,1000,aggressive
S0029,1,2218.192,3804,57.847,112,45.2292,93,34.9952,236.8,71.5975,13.0473,667,1000,aggressive
S0030,1,2176.809,3804,56.332,112,43.5919,93,34.697900000000004,233.8,71.70819999999999,13.0474,702,1000,aggressive
S0031,1,2157.339,3804,54.741,112,43.3261,93,34.215,137.0,71.8179,13.047799999999999,690,1000,aggressive
S0032,1,2185.017,3804,55.64,112,43.076699999999995,93,32.382799999999996,130.1,71.611,13.0481,715,1000,aggressive
S0033,1,2184.795,3804,55.414,112,41.774699999999996,93,33.5155,236.0,71.6773,13.0466,712,1000,aggressive
S0034,1,2174.384,3803,55.657,112,42.2219,93,34.86,231.7,71.76989999999999,13.044799999999999,697,1000,aggressive
S0035,1,2183.034,3804,55.903,112,43.5387,93,35.183,135.9,71.6526,13.0477,680,1000,aggressive
S0036,1,2209.566,3671,56.218,111,43.222699999999996,93,34.9223,234.6,71.69030000000001,13.0457,672,1000,aggressive
S0037,1,2185.282,3741,55.964,111,41.6125,93,32.9069,232.7,71.6707,13.047600000000001,717,1000,aggressive
S0038,1,2221.039,3804,56.01,112,43.136300000000006,93,34.705,127.6,71.6972,13.0457,688,1000,aggressive
S0039,1,2212.79,3804,57.475,110,41.8747,93,33.865,232.6,71.6306,13.045,695,1000,aggressive
S0040,1,2229.043,3804,57.925,112,44.3392,93,33.6074,236.7,71.55009999999999,13.0488,692,1000,aggressive
S0041,1,2192.339,3804,56.882,112,43.2136,93,33.683,129.4,71.7031,13.043899999999999,700,1000,aggressive
S0042,1,2217.952,3742,57.275,111,44.242,93,35.6849,233.7,71.69760000000001,13.0455,684,1000,aggressive
S0043,1,2203.772,3742,56.13,111,44.498,93,35.5937,233.7,71.7177,13.0446,683,1000,aggressive
S0044,1,2165.684,3741,54.584,110,43.734199999999994,93,34.813900000000004,131.6,71.7832,13.0465,701,1000,aggressive
S0045,1,2205.568,3804,57.208,112,44.6218,93,35.1603,127.2,71.6695,13.0474,687,1000,aggressive
S0046,1,2181.027,3804,56.381,112,41.879,93,34.1929,232.6,71.6603,13.0488,707,1000,aggressive
S0047,1,2183.123,3742,56.153,110,42.298,93,34.079699999999995,232.7,71.71289999999999,13.045399999999999,689,1000,aggressive
S0048,1,2174.274,3804,55.747,112,44.463300000000004,93,35.2714,233.7,71.6665,13.0471,692,1000,aggressive
S0049,1,2185.21,3804,54.571,112,43.027800000000006,93,33.6248,127.6,71.6475,13.0472,693,1000,aggressive
S0050,1,2198.599,3804,56.322,112,43.3233,93,34.8919,128.7,71.66260000000001,13.046299999999999,696,1000,aggressive
S0051,1,2197.247,3804,56.442,112,43.031,93,33.752300000000005,231.7,71.7152,13.0436,694,1000,aggressive
S0052,1,2210.532,3804,56.654,112,42.7146,93,34.1697,127.2,71.75410000000001,13.0458,690,1000,aggressive
S0053,1,2225.624,3804,57.818,112,43.2027,93,34.5769,235.1,71.6745,13.044,670,1000,aggressive
S0054,1,2240.161,3740,57.47,111,43.2858,93,35.8493,129.1,71.5728,13.0485,680,1000,aggressive
S0055,1,2188.548,3742,56.922,110,43.525,93,34.4146,231.9,71.6316,13.0468,692,1000,aggressive
S0056,1,2162.721,3804,56.224,112,42.6744,93,33.7258,232.2,71.668,13.0481,707,1000,aggressive
S0057,1,2237.52,3804,57.825,112,43.735099999999996,93,35.2453,236.1,71.55930000000001,13.0488,683,1000,aggressive
S0058,1,2200.979,3803,57.059,112,43.5911,93,34.5256,232.6,71.5769,13.0473,679,1000,aggressive
S0059,1,2217.419,3741,55.688,111,43.878699999999995,93,35.4089,232.0,71.7855,13.0453,679,1000,aggressive
S0060,1,2225.615,3804,57.151,112,43.105599999999995,93,33.859,232.7,71.6408,13.0466,692,1000,aggressive
S0061,1,2210.046,3804,56.698,112,44.1618,93,36.0509,235.1,71.6977,13.043700000000001,670,1000,aggressive
S0062,1,2192.864,3804,55.136,112,42.5875,93,33.0728,130.2,71.68839999999999,13.0487,703,1000,aggressive
S0063,1,2216.017,3804,57.193,112,44.6415,93,33.8056,232.6,71.589,13.0444,683,1000,aggressive
S0064,1,2206.008,3741,56.46,111,43.1299,93,35.8465,112.2,71.6286,13.0468,680,1000,aggressive
S0065,1,2163.641,3803,55.057,112,42.4675,93,33.280300000000004,137.7,71.79769999999999,13.046100000000001,688,1000,aggressive
S0066,1,2204.556,3804,56.538,112,43.3499,93,33.5944,137.6,71.73910000000001,13.0457,703,1000,aggressive
S0067,1,2240.393,3804,57.662,112,44.085,93,36.380300000000005,233.7,71.7415,13.0449,680,1000,aggressive
S0068,1,2220.873,3804,58.302,112,44.1042,93,35.7249,132.4,71.6734,13.046100000000001,673,1000,aggressive
S0069,1,2186.223,3804,56.26,112,42.1526,93,33.4228,130.7,71.6387,13.0451,710,1000,aggressive
S0070,1,2192.687,3804,56.428,112,43.2446,93,34.2593,236.8,71.6661,13.045399999999999,689,1000,aggressive
S0071,1,2219.607,3804,57.702,112,43.6684,93,34.3521,237.3,71.6762,13.044799999999999,683,1000,aggressive
S0072,1,2204.821,3803,57.402,112,41.593900000000005,93,35.696,106.0,71.6756,13.0431,684,1000,aggressive
S0073,1,2222.553,3804,57.748,112,41.193599999999996,93,33.2731,235.1,71.50689999999999,13.05,702,1000,aggressive
S0074,1,2241.289,3804,58.823,112,44.9422,93,34.379400000000004,232.1,71.59939999999999,13.0445,679,1000,aggressive
S0075,1,2211.455,3804,56.498,112,41.6263,93,34.218199999999996,235.1,71.6138,13.0479,701,1000,aggressive
S0076,1,2189.737,3804,56.446,112,40.5313,93,33.0539,231.9,71.6262,13.046899999999999,717,1000,aggressive
S0077,1,2229.319,3804,58.29,112,44.106300000000005,93,34.94,233.8,71.6713,13.0446,666,1000,aggressive
S0078,1,2185.291,3804,56.205,112,42.421699999999994,93,34.525,235.0,71.74560000000001,13.046299999999999,695,1000,aggressive
S0079,1,2206.845,3803,56.972,112,43.4976,93,33.4465,104.7,71.6586,13.0486,685,1000,aggressive
S0080,1,2146.056,3804,54.136,112,39.8761,93,33.057,237.31,71.62339999999999,13.0472,726,1000,aggressive
S0081,1,2179.118,3803,56.105,112,41.3618,93,33.1352,131.9,71.827,13.0443,719,1000,aggressive
S0082,1,2186.51,3804,56.901,112,43.5821,93,33.8835,129.7,71.6036,13.046899999999999,694,1000,aggressive
S0083,1,2169.224,3741,55.169,111,42.7392,93,33.704,137.3,71.70219999999999,13.0471,699,1000,aggressive
S0084,1,2205.371,3742,56.223,111,42.3143,93,33.9395,232.5,71.7663,13.046100000000001,704,1000,aggressive
S0085,1,2164.423,3804,54.899,112,42.7172,93,33.0087,236.8,71.57610000000001,13.0475,709,1000,aggressive
S0086,1,2227.749,3804,57.107,112,42.585699999999996,93,34.6184,127.4,71.6592,13.0468,693,1000,aggressive
S0087,1,2208.695,3804,56.627,112,42.6466,93,34.4169,233.7,71.6466,13.046700000000001,691,1000,aggressive
S0088,1,2050.724,3743,46.657,110,39.8657,94,30.9825,135.86,71.06219999999999,13.054,752,1000,aggressive
S0089,1,1798.019,2948,23.363,46,33.534,95,21.644,130.74,68.93,13.0969,963,1000,aggressive
S0090,1,2078.648,2782,55.232,83,43.3559,93,32.4209,233.73,68.72359999999999,13.1,777,1000,aggressive
S0091,1,2746.946,3520,91.766,107,63.2913,85,57.7016,129.93,68.6,13.1,361,1000,moderate
S0092,1,3056.169,3798,90.472,113,46.5488,86,48.8194,235.12,68.6,13.1,528,1000,aggressive
S0093,1,2978.813,3493,88.298,104,21.056,84,23.11,232.01,68.6,13.1,941,1000,aggressive
S0094,1,3283.669,3734,97.284,111,31.8906,85,35.953,231.68,67.92880000000001,13.1,685,1000,aggressive
S0095,1,3045.39,3736,103.293,116,34.7308,86,38.9952,137.66,67.8,13.1,699,1000,aggressive
S0096,1,2743.644,3245,106.509,126,34.724199999999996,86,35.2179,234.62,67.8,13.1,703,1000,aggressive
S0097,1,3118.208,3490,121.001,136,48.6909,86,44.416599999999995,231.87,67.5217,13.1,497,1000,moderate
S0098,1,2620.965,3308,82.006,98,36.7196,86,34.267300000000006,137.06,67.42269999999999,13.1,701,1000,aggressive
S0099,1,2499.666,3094,73.905,92,19.531599999999997,85,18.8903,130.03,67.62289999999999,13.0115,960,1000,aggressive
S0100,1,1447.72,2528,24.562,49,21.5492,86,16.9976,131.2,67.8,13.0,983,1000,aggressive
S0101,1,1650.58,2767,18.153,29,21.601,86,16.0496,130.09,67.8,13.0,1000,1000,aggressive
S0102,1,1644.713,2394,22.482,39,22.8949,87,18.5323,236.05,67.8,13.0,972,1000,aggressive
S0103,1,1621.71,2764,23.895,49,27.588600000000003,88,20.1821,232.65,67.8,13.0124,951,1000,aggressive
S0104,1,1321.12,3029,14.656,56,24.1387,90,20.919,236.78,67.8,12.9969,912,1000,aggressive
S0105,1,2009.682,2789,23.663,37,24.0237,92,21.8603,231.92,67.8,13.0,971,1000,aggressive
S0106,1,1781.941,2743,22.866,41,35.553,87,18.9215,109.44,67.8,12.996799999999999,953,1000,aggressive
S0107,1,2079.384,3072,29.005,62,26.254,85,20.9685,233.1,67.8,13.037,897,1000,aggressive
S0108,1,1183.842,3737,14.991,133,25.762700000000002,94,15.6969,237.31,67.81739999999999,13.0886,978,1000,aggressive
S0109,1,2182.199,3798,53.254,136,31.668,95,27.046100000000003,125.5,67.9923,13.0567,829,1000,aggressive
S0110,1,2183.516,3797,54.839,136,32.1982,95,27.262,233.1,67.98259999999999,13.0546,830,1000,aggressive
S0111,1,2219.959,3736,56.394,136,31.092,95,27.9886,231.8,68.0093,13.057199999999998,832,1000,aggressive
S0112,1,2219.443,3798,56.036,136,32.4225,95,27.5813,233.1,68.00359999999999,13.057799999999999,822,1000,aggressive
S0113,1,2230.91,3736,55.777,136,31.5165,95,27.9215,130.3,67.9875,13.0582,817,1000,aggressive
S0114,1,2243.878,3798,56.174,136,32.4383,95,28.1315,134.0,67.999,13.057,826,1000,aggressive
S0115,1,2287.464,3798,57.916,136,30.885099999999998,95,27.3319,237.3,67.9907,13.059,840,1000,aggressive
S0116,1,2250.402,3798,56.891,136,32.6222,95,28.100900000000003,130.7,67.9965,13.0588,824,1000,aggressive
S0117,1,2222.941,3714,55.415,136,30.6425,95,27.125400000000003,108.6,67.994,13.0571,843,1000,aggressive
S0118,1,2224.26,3798,56.292,136,31.0955,95,26.781100000000002,237.3,67.971,13.0566,834,1000,aggressive
S0119,1,2224.672,3798,54.948,136,31.4252,95,28.3373,234.6,68.0073,13.056899999999999,833,1000,aggressive
S0120,1,2230.199,3798,56.543,136,31.7151,95,28.8087,235.1,67.9854,13.055699999999998,818,1000,aggressive
S0121,1,2212.519,3798,55.931,135,31.2607,95,27.7039,232.2,67.99539999999999,13.0575,830,1000,aggressive
S0122,1,2186.178,3737,53.906,136,29.5314,95,27.1569,232.6,67.9888,13.0561,843,1000,aggressive
S0123,1,2199.708,3735,54.728,134,30.6734,95,26.751600000000003,236.9,67.9884,13.055299999999999,845,1000,aggressive
S0124,1,2248.644,3798,56.976,136,31.8749,95,28.41,231.9,68.01809999999999,13.0591,833,1000,aggressive
S0125,1,2205.909,3798,54.79,136,31.3688,95,27.595100000000002,127.3,67.99359999999999,13.055,836,1000,aggressive
S0126,1,2228.128,3737,56.199,136,31.8768,95,27.3517,128.6,67.9965,13.0573,838,1000,aggressive
S0127,1,2213.669,3735,56.217,136,32.8091,95,28.5361,233.1,67.98559999999999,13.056799999999999,810,1000,aggressive
S0128,1,2223.761,3798,54.977,136,34.0985,95,29.1003,136.3,67.9825,13.057,809,1000,aggressive
S0129,1,2246.892,3798,55.656,136,31.158900000000003,95,26.6058,127.0,67.98459999999999,13.056899999999999,838,1000,aggressive
S0130,1,2236.059,3798,55.423,136,33.5711,95,27.931900000000002,236.0,68.019,13.0601,818,1000,aggressive
S0131,1,2207.689,3737,54.515,136,32.560900000000004,95,27.343700000000002,137.7,68.01289999999999,13.060699999999999,830,1000,aggressive
S0132,1,2210.112,3798,55.242,136,33.2485,95,28.8652,233.0,67.9802,13.057199999999998,809,1000,aggressive
S0133,1,2216.339,3737,56.644,136,31.8629,95,28.4743,231.9,67.9538,13.056799999999999,813,1000,aggressive
S0134,1,2236.517,3798,56.345,136,31.7993,95,28.1336,234.6,67.99969999999999,13.0571,824,1000,aggressive
S0135,1,2255.732,3798,57.599,136,33.2278,95,28.2105,234.6,67.98039999999999,13.058699999999998,814,1000,aggressive
S0136,1,2251.889,3798,56.96,136,34.0509,95,29.9257,134.6,68.0101,13.058699999999998,807,1000,aggressive
S0137,1,2178.479,3798,54.269,136,32.490700000000004,95,29.1277,231.9,68.0345,13.0576,822,1000,aggressive
S0138,1,2255.298,3798,57.437,135,32.1422,95,27.858600000000003,134.5,67.978,13.059299999999999,825,1000,aggressive
S0139,1,2214.001,3798,54.716,136,32.3388,95,28.862599999999997,137.8,67.98159999999999,13.0575,814,1000,aggressive
S0140,1,2223.627,3798,55.703,136,32.1535,95,28.6531,232.0,67.98509999999999,13.057699999999999,827,1000,aggressive
S0141,1,2229.733,3798,56.121,135,32.899699999999996,95,27.4402,134.5,67.9901,13.058699999999998,824,1000,aggressive
S0142,1,2236.504,3798,57.577,135,30.622400000000003,95,28.1856,131.3,67.9918,13.0586,835,1000,aggressive
S0143,1,2254.489,3798,56.419,136,31.7568,95,27.8868,130.0,67.98259999999999,13.0567,821,1000,aggressive
S0144,1,2201.938,3737,54.559,136,31.3792,95,27.146900000000002,233.8,67.9841,13.0555,837,1000,aggressive
S0145,1,2237.387,3798,55.953,135,31.6365,95,27.8806,236.7,68.02709999999999,13.0588,835,1000,aggressive
S0146,1,2200.235,3798,55.761,136,31.831400000000002,95,27.6829,233.7,68.0294,13.0598,824,1000,aggressive
S0147,1,2205.456,3798,55.554,135,31.5192,95,28.083599999999997,235.2,67.99759999999999,13.0571,830,1000,aggressive
S0148,1,2225.262,3798,56.124,135,32.441,95,27.785700000000002,233.7,68.0144,13.058399999999999,831,1000,aggressive
S0149,1,2180.175,3735,52.962,136,32.224599999999995,95,27.8553,135.9,68.006,13.054199999999998,824,1000,aggressive
S0150,1,2185.45,3798,53.51,136,31.1015,95,26.7457,134.6,68.0077,13.0551,836,1000,aggressive
S0151,1,2217.248,3737,54.732,136,31.8358,95,26.934900000000003,236.8,68.016,13.0556,848,1000,aggressive
S0152,1,2241.685,3735,56.714,136,32.2935,94,27.5448,236.1,67.9993,13.0571,817,1000,aggressive
S0153,1,2210.598,3735,56.06,136,31.522599999999997,95,27.1352,237.3,67.9917,13.057,831,1000,aggressive
S0154,1,2190.792,3737,54.134,136,30.696900000000003,95,26.4414,233.8,67.9674,13.0549,842,1000,aggressive
S0155,1,2204.018,3798,56.198,136,33.3128,95,28.9405,232.6,68.0209,13.0583,807,1000,aggressive
S0156,1,2207.36,3798,55.622,136,29.910700000000002,95,27.4372,236.0,68.00909999999999,13.0574,840,1000,aggressive
S0157,1,2165.338,3798,51.94,136,32.8655,95,28.1944,130.0,68.0202,13.0541,830,1000,aggressive
S0158,1,2253.2,3797,56.814,136,32.2234,95,28.4067,233.1,68.01939999999999,13.0596,832,1000,aggressive
S0159,1,2244.213,3798,55.748,136,31.9157,95,28.109600000000004,137.1,68.00569999999999,13.0576,826,1000,aggressive
S0160,1,2235.912,3798,56.51,136,32.6168,95,29.067600000000002,233.1,67.97909999999999,13.0573,797,1000,aggressive
S0161,1,2227.079,3798,55.227,136,30.4312,95,27.158900000000003,136.4,67.9704,13.0556,836,1000,aggressive
S0162,1,2271.701,3798,57.572,136,32.0282,95,27.936700000000002,233.2,68.023,13.0618,837,1000,aggressive
S0163,1,2244.549,3797,57.264,136,32.7266,95,28.2539,236.8,67.9872,13.056799999999999,826,1000,aggressive
S0164,1,2265.893,3798,57.522,135,32.4229,95,28.605700000000002,134.6,68.002,13.0576,814,1000,aggressive
S0165,1,2255.476,3798,56.946,136,32.3703,95,28.0374,233.7,68.00019999999999,13.057799999999999,827,1000,aggressive
S0166,1,2214.511,3797,55.065,136,33.0734,95,28.4477,233.7,68.0167,13.057699999999999,819,1000,aggressive
S0167,1,2235.308,3798,55.489,136,33.236599999999996,95,27.9355,131.9,67.9837,13.0573,827,1000,aggressive
S0168,1,2223.639,3798,55.876,136,32.4135,95,27.719900000000003,137.3,68.0222,13.057199999999998,815,1000,aggressive
S0169,1,2243.83,3798,56.365,136,31.874299999999998,95,27.7858,236.8,67.9635,13.056199999999999,831,1000,aggressive
S0170,1,2254.245,3798,57.078,136,30.5038,95,26.611,232.1,68.0112,13.058,848,1000,aggressive
S0171,1,2234.6,3798,55.791,136,30.233700000000002,95,26.8529,137.6,67.99119999999999,13.0564,846,1000,aggressive
S0172,1,2148.104,3798,52.924,136,32.8732,95,27.510600000000004,236.8,67.99430000000001,13.054799999999998,820,1000,aggressive
S0173,1,2230.756,3734,55.798,135,32.6355,95,27.879900000000003,235.1,68.00439999999999,13.0574,819,1000,aggressive
S0174,1,2254.92,3738,58.26833333333333,134,33.79083333333333,95,29.2265,131.2,67.99583333333334,13.0595,483,600,aggressive
S0174,2,1650.11,2379,12.365,28,20.46725,99,17.86175,135.86,67.8,13.09225,400,400,aggressive
S0175,2,2027.598,3122,27.445,44,33.337900000000005,98,19.8184,130.74,67.2423,13.1,1000,1000,aggressive
S0176,2,2178.705,3155,24.845,40,26.230700000000002,92,18.775599999999997,233.73,66.7,13.0968,1000,1000,aggressive
S0177,2,1862.941,3831,27.735,49,26.975099999999998,91,18.4185,129.93,66.7,13.1,983,1000,aggressive
S0178,2,2134.331,3134,26.491,41,27.8403,87,19.3113,235.12,66.7,13.1,1000,1000,aggressive
S0179,2,1874.257,3369,17.46,36,24.5744,88,17.6034,128.71,66.7,13.0983,1000,1000,aggressive
S0180,2,1511.048,2589,17.335,53,31.631,95,19.2159,231.68,66.7,13.0953,949,1000,aggressive
S0181,2,1657.765,2988,28.762,55,40.378699999999995,95,31.3275,137.66,65.9992,13.1,811,1000,aggressive
S0182,2,2140.357,2978,61.999,76,46.6235,93,23.82,234.62,65.5,13.1,744,1000,aggressive
S0183,2,2112.581,2433,81.905,94,55.9542,84,25.3567,231.87,65.5,13.1,708,1000,aggressive
S0184,2,2081.949,2324,80.723,90,49.5339,86,30.6058,137.06,65.5,13.1,638,1000,aggressive
S0185,2,2002.924,2612,70.481,81,60.5117,87,44.8898,130.03,65.5,13.1,537,1000,aggressive
S0186,2,2209.812,2595,77.921,87,74.7265,87,55.929700000000004,131.2,64.9456,13.1,329,1000,moderate
S0187,2,2353.859,2752,91.344,107,81.42,86,72.7638,130.09,64.52720000000001,13.1,135,1000,moderate
S0188,2,2210.574,2771,72.491,83,80.7209,87,80.4021,236.05,63.2928,13.1021,136,1000,moderate
S0189,2,2627.162,3078,79.282,90,59.869299999999996,86,49.2605,232.65,62.7,13.2,418,1000,moderate
S0190,2,2801.101,3122,83.03,93,48.9321,87,44.9118,236.78,62.7,13.2,536,1000,aggressive
S0191,2,2683.954,3332,86.625,101,29.291100000000004,86,29.353,130.73,62.7,13.198,781,1000,aggressive
S0192,2,2013.231,2545,77.923,99,29.411,86,27.539900000000003,104.72,62.7,13.195699999999999,808,1000,aggressive
S0193,2,1475.384,1858,53.485,72,35.6196,86,31.984900000000003,237.31,62.7,13.187599999999998,733,1000,aggressive
S0194,2,1278.476,3332,25.018,106,29.0687,99,20.5514,134.56,63.35060000000001,13.184,908,1000,aggressive
S0195,2,2048.488,3830,53.617,106,43.509699999999995,99,34.2558,236.1,64.9895,13.127199999999998,707,1000,aggressive
S0196,2,2080.925,3831,54.484,107,41.538,99,32.2581,107.0,64.99940000000001,13.1281,749,1000,aggressive
S0197,2,2027.262,3831,53.562,107,44.853699999999996,99,35.4994,229.4,65.0025,13.125699999999998,686,1000,aggressive
S0198,2,2020.262,3831,53.321,107,43.6046,99,33.8981,135.8,64.9409,13.1294,727,1000,aggressive
S0199,2,2101.562,3831,56.757,107,46.458800000000004,99,35.997800000000005,108.2,64.9094,13.127699999999999,674,1000,aggressive
S0200,2,2065.183,3831,54.408,107,42.870599999999996,99,33.122,137.3,64.9721,13.1283,718,1000,aggressive
S0201,2,2063.61,3831,56.08,106,45.741099999999996,99,35.034800000000004,125.5,64.9209,13.128,696,1000,aggressive
S0202,2,2052.159,3369,53.553,107,45.1192,99,33.3005,134.5,65.0522,13.125699999999998,706,1000,aggressive
S0203,2,2042.712,3831,54.462,107,45.4596,99,34.186,235.2,64.9449,13.127199999999998,690,1000,aggressive
S0204,2,2067.125,3369,54.992,103,43.2839,99,33.2485,232.2,64.9879,13.1274,727,1000,aggressive
S0205,2,2084.696,3831,56.677,106,45.2214,99,35.612300000000005,229.4,64.90690000000001,13.126,686,1000,aggressive
S0206,2,2043.499,3288,54.303,107,44.6525,99,33.8198,132.5,65.0061,13.127799999999999,714,1000,aggressive
S0207,2,2056.112,3368,54.515,107,44.3029,99,34.149300000000004,233.1,65.02980000000001,13.1249,712,1000,aggressive
S0208,2,2079.926,3830,55.41,107,43.3119,99,33.3849,132.4,64.9064,13.1285,723,1000,aggressive
S0209,2,2080.64,3831,54.681,104,43.0484,99,32.0073,231.7,65.0705,13.1252,724,1000,aggressive
S0210,2,2081.861,3831,54.552,106,42.9655,99,32.6541,237.3,64.90220000000001,13.130199999999999,718,1000,aggressive
S0211,2,2052.352,3831,53.347,107,42.0346,99,32.4465,236.9,65.0617,13.1236,730,1000,aggressive
S0212,2,2035.996,3333,53.838,107,43.4679,99,33.1799,129.2,65.0758,13.1251,713,1000,aggressive
S0213,2,2052.874,3831,54.935,106,44.647,99,34.0702,127.0,64.9796,13.125699999999998,716,1000,aggressive
S0214,2,2067.51,3831,55.701,107,45.212199999999996,99,34.450199999999995,113.3,64.866,13.1301,691,1000,aggressive
S0215,2,2072.737,3369,56.088,107,45.7865,99,35.1306,231.9,64.9424,13.1279,686,1000,aggressive
S0216,2,2036.881,3830,54.979,107,44.6653,99,35.0208,229.4,64.9929,13.126299999999999,699,1000,aggressive
S0217,2,2042.977,3831,56.248,107,45.6577,99,35.498400000000004,233.1,64.8346,13.1301,692,1000,aggressive
S0218,2,2053.55,3831,53.554,107,44.9336,99,34.543,236.0,65.0013,13.127600000000001,701,1000,aggressive
S0219,2,2028.685,3831,53.731,106,43.7498,99,33.3185,134.0,64.9032,13.13,716,1000,aggressive
S0220,2,2087.701,3831,56.265,107,43.9303,99,33.642,131.8,64.9152,13.129299999999999,724,1000,aggressive
S0221,2,2020.215,3369,53.866,107,44.0426,99,32.6497,131.7,64.9914,13.127600000000001,725,1000,aggressive
S0222,2,2066.566,3831,54.477,106,44.3971,99,33.256800000000005,233.8,65.0076,13.128,705,1000,aggressive
S0223,2,2067.755,3831,54.564,107,43.739599999999996,99,33.7021,129.2,64.9424,13.1288,734,1000,aggressive
S0224,2,2056.421,3831,55.667,107,43.61,99,32.9718,236.8,64.9473,13.128699999999998,732,1000,aggressive
S0225,2,2045.679,3831,55.642,107,43.514,99,33.992,229.4,64.9425,13.127,717,1000,aggressive
S0226,2,2017.83,3831,52.568,107,43.850199999999994,99,33.6963,131.7,65.0364,13.126199999999999,712,1000,aggressive
S0227,2,2051.272,3831,54.489,107,44.0508,99,33.4423,235.2,64.9286,13.130199999999999,703,1000,aggressive
S0228,2,2085.041,3831,55.401,107,42.9709,99,31.7873,134.1,64.9311,13.129100000000001,722,1000,aggressive
S0229,2,2071.621,3831,55.085,107,44.927800000000005,99,34.223,134.1,64.9625,13.1268,699,1000,aggressive
S0230,2,2065.794,3830,53.514,107,43.9483,99,32.9315,233.7,65.0831,13.125699999999998,719,1000,aggressive
S0231,2,2041.193,3369,53.383,107,44.218599999999995,99,33.435900000000004,232.0,65.0166,13.127,714,1000,aggressive
S0232,2,2044.648,3369,54.148,106,43.0315,99,32.845800000000004,231.7,64.8713,13.1314,725,1000,aggressive
S0233,2,2001.756,3369,52.198,107,42.0405,99,32.6208,137.7,65.007,13.1282,734,1000,aggressive
S0234,2,2038.027,3831,54.349,107,43.3786,99,33.374300000000005,231.9,64.9247,13.1296,711,1000,aggressive
S0235,2,2086.026,3831,55.352,107,45.098699999999994,99,33.8741,237.3,64.969,13.126299999999999,700,1000,aggressive
S0236,2,2059.404,3369,53.917,107,44.124300000000005,99,34.1433,233.8,64.9834,13.1279,714,1000,aggressive
S0237,2,2040.056,3831,53.164,107,43.549099999999996,99,33.244800000000005,237.3,64.9978,13.1269,728,1000,aggressive
S0238,2,2055.014,3369,55.207,107,44.3805,99,33.5168,231.9,65.0091,13.1268,705,1000,aggressive
S0239,2,2030.105,3831,53.209,107,42.510400000000004,99,32.3616,112.1,65.0163,13.1281,736,1000,aggressive
S0240,2,2032.085,3830,53.772,106,43.1421,99,33.887699999999995,129.4,65.0428,13.1269,704,1000,aggressive
S0241,2,2052.417,3831,54.198,107,45.3754,99,34.361599999999996,137.0,64.9565,13.1284,699,1000,aggressive
S0242,2,2056.704,3370,55.19,107,44.3737,99,33.453,130.3,64.9367,13.1285,699,1000,aggressive
S0243,2,2055.197,3831,54.216,107,43.5078,99,33.7145,125.5,65.0373,13.124600000000001,712,1000,aggressive
S0244,2,2060.322,3333,57.437,107,45.1875,99,33.7279,132.4,64.9467,13.1265,694,1000,aggressive
S0245,2,2094.759,3831,56.966,107,45.4461,99,33.0926,126.9,64.9631,13.1266,692,1000,aggressive
S0246,2,2034.153,3332,54.253,106,43.9356,99,33.158300000000004,233.7,64.9084,13.1286,716,1000,aggressive
S0247,2,2042.784,3831,54.137,107,44.4951,99,33.284699999999994,126.3,65.0017,13.1269,723,1000,aggressive
S0248,2,2083.982,3831,54.379,107,42.962199999999996,99,32.077400000000004,109.7,65.0219,13.127699999999999,745,1000,aggressive
S0249,2,2050.87,3831,54.306,107,44.3627,99,33.419599999999996,236.0,65.0799,13.125399999999999,716,1000,aggressive
S0250,2,2065.029,3831,55.508,107,43.0125,99,33.8452,137.0,64.925,13.129,733,1000,aggressive
S0251,2,2058.747,3830,54.052,106,42.338699999999996,99,31.9605,236.8,65.0225,13.126299999999999,740,1000,aggressive
S0252,2,2028.802,3831,53.887,107,42.7191,99,33.2711,233.7,64.9997,13.1274,742,1000,aggressive
S0253,2,2061.982,3831,54.117,107,43.5682,99,32.8038,237.3,65.0239,13.127,720,1000,aggressive
S0254,2,2059.204,3831,55.256,107,44.0637,99,33.06,229.4,64.9152,13.1309,714,1000,aggressive
S0255,2,2050.037,3831,53.222,107,43.4152,99,33.1856,232.0,65.0831,13.1241,733,1000,aggressive
S0256,2,2057.335,3831,54.42,104,45.6659,99,33.1924,131.3,65.02420000000001,13.126299999999999,714,1000,aggressive
S0257,2,2059.469,3831,54.495,106,46.0025,99,34.2219,232.7,64.97630000000001,13.126299999999999,697,1000,aggressive
S0258,2,2020.485,3831,54.048,107,43.2325,99,32.6891,236.0,64.9833,13.1281,735,1000,aggressive
S0259,2,2046.641,3369,54.309,107,44.836800000000004,99,34.9751,231.8,64.9979,13.126,706,1000,aggressive
S0260,2,2051.476,3831,54.543,107,44.757,99,34.0185,237.3,65.0295,13.1259,709,1000,aggressive
S0261,2,2036.205,3831,54.551,107,42.3625,99,33.5807,127.5,64.9344,13.1289,725,1000,aggressive
S0262,2,2019.787,3831,53.412,107,45.0471,99,32.9358,233.7,65.0291,13.1265,704,1000,aggressive
S0263,2,2066.561,3831,55.204,107,42.910199999999996,99,32.6069,236.1,64.9277,13.1284,720,1000,aggressive
S0264,2,2038.13,3831,54.52,107,44.6802,99,34.314099999999996,237.31,64.98020000000001,13.1271,694,1000,aggressive
S0265,2,2006.604,3831,45.809,107,39.8886,99,31.5775,135.86,64.5493,13.1623,777,1000,aggressive
S0266,2,1810.083,2537,34.11,65,35.904900000000005,88,24.2936,130.74,62.7,13.2969,877,1000,aggressive
S0267,2,1661.227,2081,62.437,68,48.4545,85,26.7855,233.73,62.7,13.3,868,1000,aggressive
S0268,2,1824.2,2002,70.649,78,62.023900000000005,87,40.174099999999996,129.93,62.7,13.3,545,1000,aggressive
S0269,2,1938.567,2815,66.023,84,71.4003,87,56.7089,235.12,62.7,13.296800000000001,349,1000,moderate
S0270,2,2167.387,3013,81.424,90,20.4829,87,21.2683,232.01,62.7,13.3,941,1000,aggressive
S0271,2,2129.2,2412,82.568,94,28.0131,85,19.9783,231.68,62.7,13.3,951,1000,aggressive
S0272,2,2052.805,2230,79.464,86,4.0118,84,16.3869,137.66,62.7,13.3,1000,1000,aggressive
S0273,2,2318.999,2603,89.853,101,39.93,86,21.7201,234.62,62.7,13.3,956,1000,aggressive
S0274,2,2629.115,2871,101.956,112,17.5095,86,19.0995,231.87,62.7,13.3,976,1000,aggressive
S0275,2,2356.243,2526,91.285,98,36.5175,86,21.5043,137.06,62.7,13.3,960,1000,aggressive
S0276,2,1707.7,2021,64.329,78,49.798199999999994,87,42.042300000000004,130.03,62.7,13.2969,599,1000,aggressive
S0277,2,1907.938,2171,76.029,85,36.576,87,25.4813,131.2,62.7,13.219199999999999,856,1000,aggressive
S0278,2,1488.336,1811,46.934,67,24.337,86,17.883599999999998,130.09,62.5955,13.1741,1000,1000,aggressive
S0279,2,1682.772,2354,49.52,70,37.1292,87,31.7691,236.05,61.7364,13.180099999999998,761,1000,aggressive
S0280,2,1411.526,2517,34.095,53,33.098299999999995,86,21.448700000000002,232.65,61.8607,13.191699999999999,911,1000,aggressive
S0281,2,1109.383,1942,7.133,14,23.529,86,14.813,236.78,62.631800000000005,13.1968,1000,1000,aggressive
S0282,2,2186.045,3174,23.754,42,20.754099999999998,86,17.8579,231.92,61.6242,13.1969,1000,1000,aggressive
S0283,2,1943.327,3143,21.462,37,21.435299999999998,88,17.456,109.44,61.6,13.133299999999998,1000,1000,aggressive
S0284,2,1445.61,3205,17.478,53,24.1855,88,17.4357,233.1,61.6,13.149799999999999,956,1000,aggressive
S0285,2,1837.239,2951,21.5,39,22.8012,89,17.1512,237.31,61.6,13.1579,1000,1000,aggressive
S0286,2,899.555,1020,0.283,3,20.7167,94,12.8796,134.56,61.6,13.166199999999998,1000,1000,aggressive
S0287,2,1702.46,3254,15.108,36,26.948600000000003,96,16.8801,134.56,61.6,13.184199999999999,1000,1000,aggressive
S0288,2,1410.82,2480,10.757,33,22.748900000000003,95,15.296100000000001,134.56,61.6,13.2,1000,1000,aggressive
S0289,2,1732.016,2813,15.477,35,28.163,96,17.2512,134.56,61.6,13.203199999999999,1000,1000,aggressive
S0290,2,1844.772,3222,24.436,45,29.625,93,18.551599999999997,134.56,61.6,13.2,1000,1000,aggressive
S0291,2,1847.752,3222,24.129,111,21.5736,96,18.2495,134.56,61.689,13.205,971,1000,aggressive
S0292,2,1842.161,3253,47.907,112,31.354400000000002,96,24.063599999999997,236.1,62.242200000000004,13.2392,893,1000,aggressive
S0293,2,1805.218,3254,46.437,112,31.2469,96,23.261,233.7,62.21560000000001,13.2356,900,1000,aggressive
S0294,2,1781.793,3222,44.737,112,29.7623,96,21.9445,134.5,62.1897,13.229299999999999,921,1000,aggressive
S0295,2,1797.104,3254,45.486,111,31.7076,96,22.7498,137.8,62.2227,13.2328,906,1000,aggressive
S0296,2,1827.665,3254,46.197,112,31.236,96,22.4155,122.8,62.2034,13.2337,904,1000,aggressive
S0297,2,1778.223,3223,46.461,111,31.0534,96,21.968400000000003,134.5,62.20210000000001,13.2319,916,1000,aggressive
S0298,2,1801.526,3205,46.989,111,31.6331,96,22.5954,134.6,62.2083,13.2309,901,1000,aggressive
S0299,2,1795.05,3222,45.172,112,28.929599999999997,96,22.012400000000003,137.7,62.2075,13.2313,916,1000,aggressive
S0300,2,1828.342,3253,47.036,111,29.960099999999997,96,22.1032,235.1,62.21110000000001,13.2339,910,1000,aggressive
S0301,2,1786.368,3254,46.131,111,32.1724,96,23.4991,134.6,62.2023,13.230799999999999,887,1000,aggressive
S0302,2,1795.248,3254,45.36,112,30.8097,96,22.9396,134.5,62.1878,13.229899999999999,895,1000,aggressive
S0303,2,1818.438,3254,47.021,112,31.7993,96,23.389599999999998,134.5,62.1938,13.232700000000001,905,1000,aggressive
S0304,2,1844.551,3205,47.89,112,32.7674,96,23.3714,131.2,62.2293,13.2322,905,1000,aggressive
S0305,2,1774.413,3222,44.926,112,30.7836,96,22.7667,130.8,62.1944,13.229700000000001,914,1000,aggressive
S0306,2,1814.715,3254,48.636,112,31.4057,96,23.4459,134.6,62.265100000000004,13.2373,904,1000,aggressive
S0307,2,1778.531,3222,45.955,112,31.2446,96,23.3425,124.4,62.217200000000005,13.231399999999999,895,1000,aggressive
S0308,2,1835.056,3192,47.253,111,31.544400000000003,96,22.9395,236.7,62.210800000000006,13.233799999999999,897,1000,aggressive
S0309,2,1793.21,3222,44.327,112,29.9414,96,22.136,135.8,62.200100000000006,13.2332,912,1000,aggressive
S0310,2,1802.152,3254,46.273,111,29.211299999999998,96,22.452,231.6,62.2122,13.2341,917,1000,aggressive
S0311,2,1795.156,3254,46.93,112,32.3686,96,22.890900000000002,231.7,62.2274,13.230799999999999,890,1000,aggressive
S0312,2,1783.887,3254,44.789,111,29.332099999999997,96,22.4148,233.7,62.1781,13.2303,904,1000,aggressive
S0313,2,1804.669,3254,46.122,112,30.159299999999998,96,21.9554,229.4,62.2152,13.234200000000001,913,1000,aggressive
S0314,2,1805.26,3254,46.049,112,30.3617,96,22.917900000000003,125.3,62.1991,13.2315,907,1000,aggressive
S0315,2,1794.067,3222,46.547,112,30.5179,96,22.3443,137.7,62.223200000000006,13.2331,917,1000,aggressive
S0316,2,1872.35,3254,48.061,112,31.9805,96,22.7641,134.5,62.213300000000004,13.235,909,1000,aggressive
S0317,2,1841.943,3254,47.962,111,31.273799999999998,96,22.378400000000003,134.6,62.243300000000005,13.2361,902,1000,aggressive
S0318,2,1810.583,3254,45.139,112,33.0785,96,23.2106,134.6,62.2095,13.234200000000001,893,1000,aggressive
S0319,2,1831.556,3254,47.505,112,32.0039,96,22.5329,131.7,62.2334,13.2362,906,1000,aggressive
S0320,2,1792.463,3254,47.347,112,31.736900000000002,96,23.058,231.7,62.2365,13.2369,901,1000,aggressive
S0321,2,1786.52,3221,46.081,112,32.555099999999996,96,22.8337,233.7,62.20210000000001,13.2316,909,1000,aggressive
S0322,2,1809.592,3254,47.182,111,30.8442,96,23.661900000000003,134.6,62.2109,13.2309,883,1000,aggressive
S0323,2,1812.135,3254,44.857,111,32.2022,96,23.516,232.6,62.19520000000001,13.2305,896,1000,aggressive
S0324,2,1838.11,3254,45.304,112,30.7043,96,22.1211,229.4,62.1914,13.2298,920,1000,aggressive
S0325,2,1817.736,3253,47.806,111,32.4968,96,23.5378,234.6,62.233200000000004,13.2358,898,1000,aggressive
S0326,2,1822.929,3222,47.435,112,30.104200000000002,96,22.0503,134.6,62.20570000000001,13.2334,920,1000,aggressive
S0327,2,1798.161,3206,46.716,112,30.7732,96,22.7432,134.5,62.213300000000004,13.2324,894,1000,aggressive
S0328,2,1808.298,3223,46.143,112,30.7715,96,22.2632,137.0,62.2029,13.232299999999999,911,1000,aggressive
S0329,2,1836.025,3254,46.478,112,32.0982,96,23.3153,232.0,62.204,13.233,894,1000,aggressive
S0330,2,1833.418,3254,46.796,112,31.9065,96,23.1176,134.6,62.2038,13.232899999999999,895,1000,aggressive
S0331,2,1818.184,3254,47.648,112,29.927,96,22.403599999999997,134.6,62.2265,13.232700000000001,912,1000,aggressive
S0332,2,1804.767,3254,45.344,112,31.015,96,21.783099999999997,134.6,62.1809,13.2319,906,1000,aggressive
S0333,2,1843.654,3254,47.519,112,31.837400000000002,96,23.997,134.5,62.2329,13.235100000000001,886,1000,aggressive
S0334,2,1798.625,3254,45.661,112,31.4589,96,23.0423,134.6,62.19760000000001,13.231200000000001,914,1000,aggressive
S0335,2,1782.293,3254,45.771,112,30.2285,96,21.965700000000002,130.1,62.1933,13.2334,916,1000,aggressive
S0336,2,1822.205,3254,47.855,111,30.661099999999998,96,22.68,232.6,62.2273,13.235,896,1000,aggressive
S0337,2,1817.41,3253,45.87,112,30.6735,96,22.588,236.0,62.204,13.232700000000001,903,1000,aggressive
S0338,2,1789.602,3254,45.411,111,29.9761,96,21.9847,134.6,62.208600000000004,13.2305,915,1000,aggressive
S0339,2,1847.388,3253,47.947,112,30.250700000000002,96,21.4042,125.5,62.2252,13.2355,910,1000,aggressive
S0340,2,1800.721,3253,46.059,112,30.9085,96,24.1887,134.6,62.229800000000004,13.2332,882,1000,aggressive
S0341,2,1782.738,3222,44.936,111,31.0302,96,22.9957,129.9,62.21110000000001,13.2316,897,1000,aggressive
S0342,2,1816.449,3254,47.214,112,29.8472,96,22.517,233.2,62.2203,13.232700000000001,910,1000,aggressive
S0343,2,1845.349,3254,46.997,111,31.407,96,22.227,126.9,62.21770000000001,13.2339,911,1000,aggressive
S0344,2,1817.572,3222,45.841,112,32.790800000000004,96,23.710900000000002,235.1,62.1925,13.231399999999999,896,1000,aggressive
S0345,2,1803.722,3221,45.851,112,32.254400000000004,96,23.126099999999997,137.7,62.217800000000004,13.234200000000001,891,1000,aggressive
S0346,2,1797.917,3222,46.547,112,31.5229,96,22.964299999999998,137.7,62.191,13.2315,905,1000,aggressive
S0347,2,1803.815,3253,45.408,112,29.4208,96,21.7725,134.6,62.1966,13.2306,915,1000,aggressive
S0348,2,1819.763,3254,47.019,111,30.2847,96,22.107599999999998,237.31,62.21360000000001,13.233,915,1000,aggressive
S0349,2,1807.981,3254,47.073,112,32.3503,96,22.8922,233.7,62.213100000000004,13.235,895,1000,aggressive
S0350,2,1814.743,3205,46.66,111,30.4569,96,21.914099999999998,232.0,62.2045,13.235100000000001,908,1000,aggressive
S0351,2,1798.98,3206,46.535,112,32.9591,96,23.7067,232.7,62.210300000000004,13.2337,893,1000,aggressive
S0352,2,1855.682,3254,46.54,111,31.457900000000002,96,22.6174,137.8,62.194300000000005,13.232299999999999,902,1000,aggressive
S0353,2,1785.923,3254,45.242,112,32.1632,96,23.785700000000002,130.1,62.2053,13.2334,895,1000,aggressive
S0354,2,1781.729,3254,45.62,112,32.988099999999996,96,23.4709,134.5,62.1911,13.2306,894,1000,aggressive
S0355,2,1812.002,3254,47.743,112,31.4131,96,23.203799999999998,231.6,62.217800000000004,13.2328,890,1000,aggressive
S0356,2,1820.789,3254,47.326,112,32.9604,96,23.9765,232.6,62.2354,13.235100000000001,889,1000,aggressive
S0357,2,1818.26,3254,46.398,112,31.9243,96,23.3996,134.6,62.2045,13.233799999999999,891,1000,aggressive
S0358,2,1770.99,3094,43.87,110,29.1585,96,20.8735,73.6,62.183,13.228499999999999,184,200,aggressive
S0358,3,2134.72375,3804,54.55875,112,43.813,99,33.67375,232.15,69.31025,13.075125,558,800,aggressive
S0359,3,2143.066,3804,55.431,112,43.522400000000005,99,32.9045,236.78,69.117,13.077699999999998,707,1000,aggressive
S0360,3,2133.151,3831,54.994,111,41.951,99,33.2977,232.01,68.8998,13.077399999999999,732,1000,aggressive
S0361,3,2132.653,3804,54.878,112,42.5616,99,33.0861,231.87,69.0686,13.0786,731,1000,aggressive
S0362,3,2101.651,3741,54.628,111,43.8378,99,33.7541,232.6,68.97810000000001,13.0778,697,1000,aggressive
S0363,3,2163.915,3831,56.703,112,44.8065,99,34.0937,235.12,69.0006,13.0787,689,1000,aggressive
S0364,3,2143.793,3804,55.409,112,43.476699999999994,99,33.867599999999996,137.7,69.1019,13.079799999999999,692,1000,aggressive
S0365,3,2131.335,3831,56.303,112,43.4867,99,34.5205,233.73,69.04480000000001,13.0773,703,1000,aggressive
S0366,3,2120.666,3741,54.066,111,41.77,99,33.9744,135.86,69.0301,13.078199999999999,716,1000,aggressive
S0367,3,2156.366,3831,57.264,111,44.7661,99,32.9469,236.05,68.8036,13.0793,696,1000,aggressive
S0368,3,2141.711,3804,56.193,112,44.8859,99,35.879,233.73,68.9995,13.077699999999998,673,1000,aggressive
S0369,3,2121.798,3831,55.409,111,43.770199999999996,99,33.2872,129.18,68.9963,13.0779,704,1000,aggressive
S0370,3,2152.147,3741,56.884,111,44.562400000000004,99,34.956199999999995,137.7,68.8811,13.0785,690,1000,aggressive
S0371,3,2142.525,3804,56.899,111,43.69,99,34.867599999999996,236.78,68.6928,13.0817,692,1000,aggressive
S0372,3,2146.879,3804,55.723,112,43.5969,99,34.4912,132.37,69.02510000000001,13.078299999999999,706,1000,aggressive
S0373,3,2127.975,3831,55.485,111,43.5509,99,34.221199999999996,231.68,68.742,13.084100000000001,697,1000,aggressive
S0374,3,2127.092,3831,55.416,112,43.3352,99,33.872800000000005,234.62,68.90660000000001,13.0785,704,1000,aggressive
S0375,3,2147.936,3831,55.675,111,43.0115,99,33.3182,236.05,69.0469,13.076199999999998,710,1000,aggressive
S0376,3,2123.36,3831,55.19,110,43.4869,99,33.0718,231.87,69.0232,13.078899999999999,702,1000,aggressive
S0377,3,2180.19,3831,56.584,112,44.212300000000006,99,34.3295,131.69,68.8861,13.081299999999999,691,1000,aggressive
S0378,3,2139.049,3742,56.083,111,43.8381,99,33.3272,231.9,68.7866,13.0831,709,1000,aggressive
S0379,3,2102.259,3831,54.428,110,43.322900000000004,99,33.6065,129.2,68.9431,13.0793,711,1000,aggressive
S0380,3,2121.145,3804,55.257,112,41.261199999999995,99,31.5954,236.78,68.981,13.0793,738,1000,aggressive
S0381,3,2103.128,3830,53.45,112,42.0465,99,32.9848,134.5,69.18130000000001,13.074699999999998,720,1000,aggressive
S0382,3,2166.744,3741,56.882,111,44.864599999999996,99,33.873,231.9,69.1462,13.0754,697,1000,aggressive
S0383,3,2147.218,3741,56.037,111,42.4564,99,33.5151,232.1,69.2137,13.0758,698,1000,aggressive
S0384,3,2130.559,3805,56.088,112,43.252300000000005,99,34.139300000000006,232.0,68.93769999999999,13.0779,701,1000,aggressive
S0385,3,2118.589,3831,54.203,111,43.5867,99,33.0814,232.0,69.0564,13.0776,710,1000,aggressive
S0386,3,2139.25,3740,56.571,111,44.038199999999996,99,35.2812,130.0,68.81739999999999,13.0816,690,1000,aggressive
S0387,3,2124.862,3831,55.148,110,45.2209,99,33.9571,130.1,68.87389999999999,13.0788,690,1000,aggressive
S0388,3,2152.366,3803,55.108,111,43.5923,99,33.7104,128.7,68.8396,13.0814,702,1000,aggressive
S0389,3,2139.2,3740,55.137,110,42.543,99,33.933,232.6,69.15480000000001,13.0769,706,1000,aggressive
S0390,3,2140.165,3831,55.516,112,41.133300000000006,99,33.1115,235.9,68.9183,13.0784,721,1000,aggressive
S0391,3,2141.738,3831,55.948,112,42.5583,99,32.3078,233.1,68.9636,13.0804,713,1000,aggressive
S0392,3,2117.386,3831,55.021,111,41.8672,99,32.934599999999996,231.9,69.0107,13.0776,718,1000,aggressive
S0393,3,2110.258,3831,54.231,112,42.5629,99,31.979599999999998,232.6,68.9235,13.081,727,1000,aggressive
S0394,3,2144.325,3670,56.739,111,44.9365,99,34.343300000000006,236.78,68.871,13.0795,684,1000,aggressive
S0395,3,2118.493,3804,54.374,112,42.7918,99,32.8615,129.4,69.12339999999999,13.076199999999998,719,1000,aggressive
S0396,3,2160.551,3831,56.924,112,44.8151,99,33.7569,112.2,69.0528,13.0751,687,1000,aggressive
S0397,3,2140.262,3741,55.782,110,44.1616,99,34.1233,130.0,69.0958,13.0802,697,1000,aggressive
S0398,3,2125.456,3671,54.086,111,42.565,99,32.566,126.9,69.1011,13.0787,722,1000,aggressive
S0399,3,2139.035,3804,56.284,112,45.0907,99,34.194900000000004,235.2,69.005,13.0793,689,1000,aggressive
S0400,3,2175.91,3831,57.688,111,44.535199999999996,99,33.9528,232.6,68.92580000000001,13.077399999999999,707,1000,aggressive
S0401,3,2130.695,3740,54.891,111,44.5567,99,33.214,236.7,68.9846,13.078299999999999,697,1000,aggressive
S0402,3,2150.669,3741,57.057,111,45.2184,99,35.1417,233.8,69.16980000000001,13.0749,670,1000,aggressive
S0403,3,2126.185,3670,56.479,111,41.713300000000004,99,32.7178,137.6,69.12289999999999,13.077699999999998,714,1000,aggressive
S0404,3,2157.193,3741,55.36,111,43.726,99,34.4792,235.1,69.1258,13.078100000000001,706,1000,aggressive
S0405,3,2148.898,3831,54.88,111,45.192800000000005,99,33.9167,236.1,69.0663,13.0775,699,1000,aggressive
S0406,3,2188.814,3741,56.008,111,44.270900000000005,99,34.414199999999994,112.0,69.2035,13.0769,699,1000,aggressive
S0407,3,2115.622,3831,55.328,112,43.6605,99,33.9347,236.0,68.8064,13.0806,711,1000,aggressive
S0408,3,2104.083,3666,54.578,111,41.898900000000005,99,33.2176,136.4,69.0024,13.0795,714,1000,aggressive
S0409,3,2142.041,3641,54.525,111,43.177699999999994,99,33.1268,232.1,69.2885,13.0758,716,1000,aggressive
S0410,3,2118.094,3667,56.389,111,43.6935,99,34.2626,232.5,69.0036,13.078100000000001,703,1000,aggressive
S0411,3,2153.856,3742,57.263,110,44.871900000000004,99,34.8084,234.6,68.8724,13.0793,686,1000,aggressive
S0412,3,2147.33,3831,56.022,112,43.2565,99,32.5998,231.8,68.813,13.0829,705,1000,aggressive
S0413,3,2157.148,3805,56.619,112,42.8558,99,34.0477,231.9,68.956,13.079600000000001,705,1000,aggressive
S0414,3,2111.542,3671,54.193,111,43.3412,99,32.3502,233.1,68.899,13.0805,714,1000,aggressive
S0415,3,2133.766,3742,57.118,111,44.2194,99,34.4144,236.0,68.92110000000001,13.078,692,1000,aggressive
S0416,3,2133.67,3831,55.253,112,43.1752,99,32.891,232.0,69.28410000000001,13.0735,718,1000,aggressive
S0417,3,2139.108,3804,55.363,112,43.5442,99,35.0764,236.1,68.9877,13.078,699,1000,aggressive
S0418,3,2159.211,3831,56.42,112,41.7379,99,32.6481,236.0,68.99969999999999,13.079199999999998,710,1000,aggressive
S0419,3,2149.931,3830,55.21,110,43.468900000000005,99,33.852599999999995,233.1,69.1393,13.079,707,1000,aggressive
S0420,3,2164.542,3831,56.729,112,42.651199999999996,99,33.5563,233.1,69.0534,13.076600000000001,719,1000,aggressive
S0421,3,2107.875,3831,54.522,112,43.530199999999994,99,33.201,137.2,69.01889999999999,13.077699999999998,713,1000,aggressive
S0422,3,2136.152,3831,55.294,110,45.032300000000006,99,35.7481,236.0,69.0679,13.078100000000001,683,1000,aggressive
S0423,3,2122.746,3666,56.447,111,43.062599999999996,99,32.871199999999995,234.7,68.9139,13.077699999999998,709,1000,aggressive
S0424,3,2145.15,3831,54.872,110,43.5537,99,33.8761,236.78,69.0643,13.0786,698,1000,aggressive
S0425,3,2127.946,3804,54.274,112,44.8694,99,33.923300000000005,236.78,69.0916,13.075899999999999,702,1000,aggressive
S0426,3,2123.114,3804,55.42,112,45.4744,99,33.9124,112.0,69.0407,13.078,673,1000,aggressive
S0427,3,2156.037,3831,56.724,110,43.764900000000004,99,35.7011,233.7,69.10260000000001,13.0785,682,1000,aggressive
S0428,3,2138.653,3831,55.351,112,43.7095,99,33.488699999999994,128.4,68.935,13.0805,695,1000,aggressive
S0429,3,2146.587,3831,56.303,111,43.6881,99,34.386,231.9,68.9704,13.0788,704,1000,aggressive
S0430,3,2143.768,3830,55.1,112,44.5405,99,34.2638,233.7,68.9758,13.0795,705,1000,aggressive
S0431,3,2147.708,3805,55.536,112,43.0124,99,32.944,131.1,68.92360000000001,13.081299999999999,706,1000,aggressive
S0432,3,2135.571,3831,55.814,111,42.2651,99,32.3455,137.6,69.151,13.0793,722,1000,aggressive
S0433,3,2150.01,3671,55.365,111,44.099599999999995,99,34.1187,232.7,68.987,13.0773,697,1000,aggressive
S0434,3,2138.942,3831,54.238,112,42.6291,99,33.307300000000005,233.8,68.9219,13.0804,727,1000,aggressive
S0435,3,2134.57,3830,56.493,112,44.1454,99,33.9505,231.9,68.9889,13.0785,684,1000,aggressive
S0436,3,2124.81,3831,55.394,110,43.1012,99,34.148199999999996,127.4,69.0596,13.076,703,1000,aggressive
S0437,3,2116.109,3804,56.809,112,45.0725,99,34.256800000000005,236.78,68.8557,13.076799999999999,687,1000,aggressive
S0438,3,2176.935,3831,57.722,112,44.624199999999995,99,35.642300000000006,134.0,68.9549,13.078,685,1000,aggressive
S0439,3,2128.854,3831,55.883,111,44.0644,99,34.5055,135.8,69.0414,13.078199999999999,692,1000,aggressive
S0440,3,2144.488,3831,55.568,112,45.4611,99,35.5368,235.1,69.1115,13.074699999999998,693,1000,aggressive
S0441,3,2178.119,3831,57.462,112,45.3673,99,34.4647,235.2,68.93719999999999,13.0779,688,1000,aggressive
S0442,3,2161.007,3831,56.054,111,45.1855,99,34.807199999999995,234.6,69.32010000000001,13.073799999999999,679,1000,aggressive
S0443,3,2142.519,3804,55.441,112,42.6941,99,33.3142,137.7,69.0269,13.0776,713,1000,aggressive
S0444,3,2147.379,3741,56.44,111,42.3694,99,33.818,233.7,69.0303,13.0779,706,1000,aggressive
S0445,3,2105.325,3804,55.224,112,43.5756,99,33.975199999999994,130.2,68.8956,13.0805,712,1000,aggressive
S0446,3,2135.893,3830,54.734,112,42.488800000000005,99,33.4463,235.1,69.06710000000001,13.0806,726,1000,aggressive
S0447,3,2161.331,3803,56.443,112,41.655699999999996,99,32.6134,233.1,68.92960000000001,13.0809,723,1000,aggressive
S0448,3,2150.398,3831,56.123,110,42.247800000000005,99,34.0222,130.3,68.876,13.082799999999999,721,1000,aggressive
S0449,3,2157.653,3831,55.956,112,42.4558,99,34.236,137.7,69.0989,13.076699999999999,692,1000,aggressive
S0450,3,2136.107,3831,53.996,112,41.5251,99,32.1624,131.7,69.181,13.076,733,1000,aggressive
S0451,3,2171.171,3831,56.502,112,44.495,99,34.3886,131.8,68.9709,13.0772,693,1000,aggressive
S0452,3,2156.059,3805,56.337,110,43.0619,99,34.3666,234.6,68.9231,13.078,702,1000,aggressive
S0453,3,2102.737,3805,56.041,112,43.403800000000004,99,34.0123,236.78,69.01610000000001,13.078899999999999,702,1000,aggressive
S0454,3,2084.808,3831,54.984,125,40.125800000000005,99,30.328200000000002,234.62,68.0127,13.0999,753,1000,aggressive
S0455,3,1945.898,3798,48.494,126,33.5567,96,25.2799,137.7,64.1464,13.1745,869,1000,aggressive
S0456,3,1950.469,3798,49.496,136,30.7713,96,24.950400000000002,234.62,64.244,13.1695,867,1000,aggressive
S0457,3,1948.351,3715,50.521,135,32.4264,96,24.6926,237.31,64.3949,13.169799999999999,869,1000,aggressive
S0458,3,1954.007,3798,49.764,136,32.2877,96,24.7799,112.33,64.43780000000001,13.1629,870,1000,aggressive
S0459,3,1984.432,3734,51.521,136,30.693,96,24.1627,236.05,64.40859999999999,13.168899999999999,877,1000,aggressive
S0460,3,1970.817,3736,50.419,136,31.0438,96,25.3385,134.56,64.337,13.1662,875,1000,aggressive
S0461,3,1923.131,3798,48.508,136,30.0976,96,23.841600000000003,134.56,64.1715,13.1696,890,1000,aggressive
S0462,3,1961.5,3798,51.455,131,31.409,96,24.313200000000002,134.56,64.4075,13.1706,883,1000,aggressive
S0463,3,1971.558,3798,50.243,133,32.9089,96,25.4625,131.69,64.2955,13.1682,852,1000,aggressive
S0464,3,1961.234,3798,48.987,135,32.2297,96,25.381700000000002,134.56,64.3882,13.1675,869,1000,aggressive
S0465,3,1954.676,3798,49.359,134,29.6962,96,23.961299999999998,134.56,64.3241,13.1705,881,1000,aggressive
S0466,3,1980.824,3736,49.204,136,31.3065,96,24.401799999999998,229.42,64.3117,13.1701,877,1000,aggressive
S0467,3,1957.074,3714,48.576,136,30.021900000000002,96,23.9983,130.03,64.2925,13.1662,898,1000,aggressive
S0468,3,1973.18,3715,50.444,136,30.733,96,25.2065,128.29,64.3596,13.171299999999999,874,1000,aggressive
S0469,3,1955.253,3798,49.54,135,30.2111,96,24.2815,229.42,64.36030000000001,13.165700000000001,877,1000,aggressive
S0470,3,1959.038,3736,50.782,136,32.1918,96,25.4926,137.06,64.37559999999999,13.170399999999999,874,1000,aggressive
S0471,3,1957.447,3694,49.249,136,30.989,96,24.1935,235.12,64.304,13.1686,877,1000,aggressive
S0472,3,1948.093,3697,48.42,136,31.2888,96,24.9584,126.6,64.3774,13.1656,874,1000,aggressive
S0473,3,1954.965,3715,50.396,136,30.9492,96,23.935,137.0,64.4089,13.1692,894,1000,aggressive
S0474,3,1978.831,3735,51.451,136,31.9242,96,25.0254,137.7,64.2643,13.1729,867,1000,aggressive
S0475,3,2030.971,3715,53.121,136,33.4854,96,25.441,134.5,64.4029,13.1721,858,1000,aggressive
S0476,3,1984.278,3714,51.604,134,32.048700000000004,96,25.5046,229.4,64.2209,13.174,867,1000,aggressive
S0477,3,1960.602,3798,50.341,136,32.331900000000005,96,26.0502,134.6,64.30069999999999,13.1727,848,1000,aggressive
S0478,3,1975.19,3798,49.693,131,29.880200000000002,96,23.742099999999997,137.1,64.3125,13.167200000000001,885,1000,aggressive
S0479,3,1952.412,3737,48.747,136,33.079,96,25.0164,229.5,64.3791,13.1663,876,1000,aggressive
S0480,3,1996.927,3798,52.226,135,30.8594,96,24.2591,131.8,64.3417,13.170399999999999,881,1000,aggressive
S0481,3,1985.641,3798,51.42,134,31.7135,96,24.7712,231.8,64.29,13.170399999999999,867,1000,aggressive
S0482,3,1987.205,3736,51.164,133,29.9473,96,24.830299999999998,235.2,64.3873,13.1682,872,1000,aggressive
S0483,3,1973.26,3696,50.796,135,30.453,96,23.9301,237.31,64.2788,13.171899999999999,883,1000,aggressive
S0484,3,1956.729,3798,49.645,136,32.69,96,24.9448,130.0,64.3995,13.1648,871,1000,aggressive
S0485,3,1937.056,3798,51.071,134,30.9685,96,24.850900000000003,134.5,64.25059999999999,13.1765,874,1000,aggressive
S0486,3,1940.603,3796,49.263,133,31.232599999999998,96,24.8127,124.4,64.2662,13.17,890,1000,aggressive
S0487,3,1964.15,3715,50.692,133,33.2794,96,25.0265,237.31,64.3885,13.1684,869,1000,aggressive
S0488,3,1977.905,3798,50.053,134,30.628,96,24.3957,134.6,64.4201,13.167399999999999,881,1000,aggressive
S0489,3,1970.967,3697,50.806,135,30.0472,96,23.5123,128.7,64.2688,13.174299999999999,887,1000,aggressive
S0490,3,1937.719,3696,48.503,135,31.6308,96,24.5864,131.3,64.3429,13.1675,887,1000,aggressive
S0491,3,1974.472,3734,49.188,136,30.5812,96,24.3826,134.5,64.37440000000001,13.1664,874,1000,aggressive
S0492,3,1920.794,3735,48.934,134,31.0171,96,24.105700000000002,134.5,64.2916,13.1725,877,1000,aggressive
S0493,3,2000.843,3735,51.068,131,31.9124,96,24.5771,127.1,64.3848,13.17,877,1000,aggressive
S0494,3,1974.745,3735,51.291,136,30.5616,96,24.5956,131.1,64.33709999999999,13.1686,876,1000,aggressive
S0495,3,1949.082,3797,49.361,133,31.6614,96,25.556,235.2,64.2624,13.171299999999999,874,1000,aggressive
S0496,3,1959.513,3715,50.016,136,31.5487,96,24.741400000000002,134.5,64.3066,13.1739,875,1000,aggressive
S0497,3,1975.972,3734,51.239,135,32.0571,96,25.1118,236.1,64.3937,13.171100000000001,871,1000,aggressive
S0498,3,1938.305,3798,47.801,126,31.8691,96,24.568099999999998,236.1,64.2,13.1695,868,1000,aggressive
S0499,3,1959.304,3735,50.605,131,30.8625,96,24.0564,137.0,64.1864,13.1749,881,1000,aggressive
S0500,3,1964.525,3734,50.767,133,30.0882,96,23.86,236.0,64.3189,13.1754,887,1000,aggressive
S0501,3,1912.568,3798,48.707,126,29.7348,96,23.3244,236.0,64.1546,13.174700000000001,898,1000,aggressive
S0502,3,1934.853,3798,50.023,134,31.8,96,23.7022,131.9,64.271,13.1737,890,1000,aggressive
S0503,3,1937.119,3715,49.242,133,30.8551,96,24.689799999999998,131.7,64.3411,13.1662,881,1000,aggressive
S0504,3,1927.714,3733,47.754,134,31.6045,96,24.147299999999998,127.6,64.264,13.1688,879,1000,aggressive
S0505,3,1992.13,3734,50.878,136,33.696400000000004,96,26.5143,134.5,64.4145,13.1679,849,1000,aggressive
S0506,3,1999.951,3798,51.908,136,31.7976,96,25.799799999999998,137.0,64.3588,13.168299999999999,868,1000,aggressive
S0507,3,1968.329,3734,49.582,133,31.779700000000002,96,24.2686,236.1,64.3036,13.169799999999999,880,1000,aggressive
S0508,3,1933.794,3798,48.801,136,30.499599999999997,96,23.707900000000002,231.9,64.207,13.1686,887,1000,aggressive
S0509,3,1935.563,3798,49.836,136,29.511200000000002,96,23.7886,134.6,64.3382,13.1699,891,1000,aggressive
S0510,3,1936.208,3797,49.582,135,31.633200000000002,96,24.601599999999998,229.4,64.2287,13.1718,869,1000,aggressive
S0511,3,1950.879,3796,50.528,131,30.5212,96,24.3111,128.7,64.3887,13.168700000000001,874,1000,aggressive
S0512,3,1972.459,3798,50.389,135,31.457,96,24.8164,236.1,64.2388,13.1691,873,1000,aggressive
S0513,3,1958.828,3798,50.021,136,31.467599999999997,96,24.987,126.9,64.18469999999999,13.1744,869,1000,aggressive
S0514,3,1985.776,3798,49.623,135,30.0392,96,23.9908,135.7,64.3544,13.166799999999999,876,1000,aggressive
S0515,3,1942.031,3737,49.639,133,31.8639,96,24.846700000000002,234.5,64.4206,13.1681,878,1000,aggressive
S0516,3,1933.283,3697,50.207,128,30.5601,96,24.8358,234.6,64.2471,13.1738,879,1000,aggressive
S0517,3,1974.265,3737,49.008,136,30.711299999999998,96,25.3595,234.6,64.4566,13.161299999999999,871,1000,aggressive
S0518,3,1973.664,3715,49.731,133,29.9969,96,24.5921,131.2,64.3672,13.1654,870,1000,aggressive
S0519,3,1962.241,3737,48.673,136,31.3547,96,24.3032,234.6,64.3527,13.164200000000001,868,1000,aggressive
S0520,3,1965.688,3798,49.665,136,33.7487,96,25.2688,237.3,64.296,13.1682,863,1000,aggressive
S0521,3,1973.278,3798,50.346,136,31.8869,96,24.499,137.1,64.3705,13.1679,878,1000,aggressive
S0522,3,1968.166,3797,50.568,136,32.6109,96,25.463099999999997,124.5,64.3556,13.1714,869,1000,aggressive
S0523,3,1982.03,3735,49.356,136,30.5921,96,24.2137,134.6,64.4335,13.1645,877,1000,aggressive
S0524,3,1944.156,3736,49.098,133,30.371599999999997,96,24.757,234.6,64.22019999999999,13.1706,874,1000,aggressive
S0525,3,1896.542,3798,47.043,128,29.8603,96,22.797,236.2,64.1606,13.1694,901,1000,aggressive
S0526,3,1975.145,3798,50.986,133,31.6884,96,25.3571,134.5,64.365,13.1705,858,1000,aggressive
S0527,3,1937.012,3735,49.613,136,30.821900000000003,96,25.0897,134.6,64.2384,13.172799999999999,880,1000,aggressive
S0528,3,1964.533,3716,51.376,136,30.4375,96,24.347900000000003,128.7,64.3087,13.172799999999999,887,1000,aggressive
S0529,3,1942.256,3714,50.8,135,29.9879,96,23.7516,124.4,64.3469,13.170200000000001,892,1000,aggressive
S0530,3,1975.314,3715,50.268,126,32.4455,96,25.086599999999997,235.1,64.2546,13.1709,868,1000,aggressive
S0531,3,1945.851,3737,48.648,136,32.1873,96,25.7462,137.7,64.3569,13.165799999999999,864,1000,aggressive
S0532,3,1959.305,3737,50.936,136,31.4737,96,24.992900000000002,234.5,64.40390000000001,13.17,879,1000,aggressive
S0533,3,1957.54,3797,49.431,128,31.154,96,25.437,229.4,64.3644,13.167200000000001,880,1000,aggressive
S0534,3,1946.47,3693,50.242,136,33.836,96,25.5281,137.7,64.4736,13.167,865,1000,aggressive
S0535,3,1947.109,3734,49.026,136,30.6787,96,23.9555,128.7,64.44930000000001,13.165,896,1000,aggressive
S0536,3,1967.49,3735,49.759,136,30.7737,96,24.555,128.8,64.3045,13.167399999999999,880,1000,aggressive
S0537,3,1944.78,3696,48.118,131,32.8217,96,24.4776,134.6,64.182,13.167200000000001,876,1000,aggressive
S0538,3,1952.222,3797,49.629,131,31.6146,96,25.046,231.8,64.2699,13.168899999999999,867,1000,aggressive
S0539,3,1938.726,3737,48.46,131,31.408900000000003,96,24.845200000000002,235.1,64.3379,13.165,861,1000,aggressive
S0540,3,1963.782,3696,49.164,135,31.614,96,24.3721,231.9,64.41159999999999,13.1635,879,1000,aggressive
S0541,3,1951.605,3798,50.228,136,31.251,96,24.944599999999998,236.1,64.1157,13.177200000000001,858,1000,aggressive
S0542,3,1957.136,3735,50.173,136,30.9983,96,24.534,129.9,64.4033,13.1692,884,1000,aggressive
S0543,3,1939.373,3693,48.032,133,31.0989,96,23.423099999999998,134.5,64.3009,13.1649,896,1000,aggressive
S0544,3,1949.02,3715,49.674,136,31.87,96,25.7393,129.6,64.3224,13.169,870,1000,aggressive
S0545,3,1954.938,3733,49.994,136,31.0031,96,25.2374,234.7,64.29,13.1705,869,1000,aggressive
S0546,3,1953.948,3798,49.288,136,30.053099999999997,96,25.032400000000003,128.2,64.2328,13.172600000000001,875,1000,aggressive
S0547,3,1970.693,3737,50.814,136,31.661,96,25.5221,231.9,64.2785,13.1735,877,1000,aggressive
S0548,3,1972.001,3714,49.116,133,31.534,96,24.8986,129.9,64.1566,13.174100000000001,875,1000,aggressive
S0549,3,1965.406,3736,51.519,136,30.5977,96,24.1832,131.1,64.3112,13.1738,887,1000,aggressive
S0550,3,1961.84,3715,47.537,133,32.5391,96,25.0043,131.2,64.3804,13.1665,875,1000,aggressive
S0551,3,1995.947,3693,51.74,136,31.9208,96,24.9984,131.2,64.4029,13.1699,870,1000,aggressive
S0552,3,1977.31,3733,50.474,136,30.9451,96,24.0873,134.5,64.60119999999999,13.1614,879,1000,aggressive
S0553,3,1973.701,3714,48.994,135,31.9814,96,23.8122,236.1,64.46730000000001,13.1634,886,1000,aggressive
S0554,3,1977.244,3735,49.184,136,29.420900000000003,96,24.1827,134.6,64.238,13.1697,891,1000,aggressive
